Generic Product Name,Manufacturer Address
Компоненты транспортных средств:,"ЯПОНИЯ, 6-6 Minatojima Minamimachi 4-chome, Chuo-Ku, Kobe, 650-0047"
"Изделия кожгалантерейные для взрослых: Сундуки дорожные, чемоданы, чемоданчики для косметических средств или наборов для личной гигиены, кейсы для деловых бумаг, портфели, школьные сумки и ранцы, сумки дорожные, сумочки для косметических средств или наборов для личной гигиены, рюкзаки, сумки дамские и мужские, сумки хозяйственные, портмоне, кошельки, сумки спортивные, из натуральной или композиционной кожи, искусственной кожи, эко кожи, из листов пластмассы, текстильных материалов, вулканизованных волокон или картона или полностью или преимущественно покрытые такими материалами или бумагой марка Marant.","Китай, 46, Северная улица Чанмей, деревня Чанхун, район Байюнь, город Гуанчжоу, провинция Гуандун, 23°15'33.0""N, 113°17'52"
Лифт электрический пассажирский,"212798, БЕЛАРУСЬ, Могилев, г. Могилев, проспект Мира, 42"
"Отпугиватель собак, с маркировкой: IBIS","Китай, Factory building 1 (3#) 402, 26, Hongji Street, Longxin Community, Baolong Street, Longgang District, Shenzhen City, координаты ГЛОНАСС: 22.714010, 114.241857."
Оборудование световое общего назначения: гирлянды светодиодные,"Китай, Suite 5B, 76 Congyun Road, Baiyun District , Guagzhou, 23.210716°, 113.295953°"
Продукция косметическая (в наборах и отдельными предметами),"Испания, 08020, Via Trajana, 45, Barcelona"
"ПОЛОТНА ДЛЯ ЦИРКУЛЯРНЫХ ПИЛ (ПИЛЬНЫЕ ДИСКИ), С РАБОЧЕЙ ЧАСТЬЮ ИЗ СТАЛИ, ДЛЯ РЕЗКИ ЗАГОТОВОК, МАРОК: Freud, Leitz, Italprom","ИТАЛИЯ, VIA CORTEMILIA, 106 12055 FRAZ. RICCA, DIANO D'ALBA"
Лифт электрический пассажирский,"212798, БЕЛАРУСЬ, Могилев, г. Могилев, проспект Мира, 42"
"Лифт пассажирский гидравлический, модель (индекс) HYDRAULIC","61100, ГРЕЦИЯ, Kilkis, Kilkis Industrial Area"
Ароматизатор пищевой,"Соединенное Королевство Великобритании и Северной Ирландии, Astmoor Road, Runcorn, Cheshire, WA7 1PJ, United Kingdom"
продукция косметическая (в наборах и отдельными предметами),"Испания, 08020, Via Trajana, 45, Barcelona"
"СМЕННЫЙ РАБОЧИЙ ИНСТРУМЕНТ ДЛЯ ФРЕЗЕРОВАНИЯ: ФРЕЗА, С РАБОЧИЙ ЧАСТЬЮ ИЗ СТАЛИ, ДЛЯ ФРЕЗЕРОВАЛЬНОГО ДЕРЕВООБРАБАТЫВАЮЩЕГО ОБОРУДОВАНИЯ, МАРКИ: Italprom","ИТАЛИЯ, Via della Metallurgia, 4, 37139 Verona VR"
"Обувь летняя для взрослых цельнолитая с верхом и подошвой из этиленвинилацетата: шлепки мужские, артикул FA-039M, шлепки женские, артикул FA-039W","КИТАЙ, No.406 4th Floor Tianfu Innovation Center South of Tianfu Avenue Chengdu"
"Изделия кожгалантерейные для взрослых с лицевой поверхностью из натуральной кожи и искусственной кожи, натуральной и искусственной замши, экокожи, текстильных и полимерных материалов, в том числе с элементами металла, в комплектах и отдельными предметами: сумки женские, мужские, сумки повседневные, дорожные, хозяйственные, спортивные, пляжные, сумки, в том числе для косметических средств (косметички), в том числе для продуктов, сумки на пояс, сумки для хранения одежды, рюкзаки, портфели, футляры (пеналы), дорожные несессеры, чемоданы, футляры (чехлы), в том числе для телефонов, ноутбуков, для очков, для наушников, планшетов, для фотоаппаратов, для электронных книг, сумки для телефонов, сумки для косметических средств (""косметички-чемоданчики""), кейсы , сумки типа ""барсетка"", ""кредитницы"", ""визитницы"", ""ключницы"", кошельки, сумки типа ""клатч"", ""барсетка""; чемоданы- дипломаты, чемоданы-гардеробы; портпледы; портфели; папки, в том числе папки деловые, папки бюварные, папки адресные, рюкзак городской, рюкзак для ноутбука, чехлы для чемоданов, сумки плетеные, сумки плетеные из джута соломы, портмоне, сумка через плечо, рюкзак крор, пенал из текстиля, сумка-авоська, сумка-шоппер, сумка вязанная, сумка- органайзер для нижнего белья, сумка-органайзер для коляски, саквояжи","Китай, No. 101, Huizuo Rd., Xinyang Ind. Zone, Xiamen, Fujian, China, 24.662857, 118.124777"
"Изделия швейные для взрослых из синтетических, натуральных, смешанных тканей","Китай, 1 East Ring Road, Mayu, Hebei, Jinju, Shijiazhuang, Hebei province, 29.857088, 121.589681"
Лифт электрический пассажирский,"212798, БЕЛАРУСЬ, Могилев, г. Могилев, проспект Мира, 42"
"ОБОРУДОВАНИЕ ДЛЯ ПОДЪЕМА И ПЕРЕМЕЩЕНИЯ ГРУЗА НА СКЛАДАХ, КЛЕЩЕВОЙ ПРОМЫШЛЕННЫЙ ЗАХВАТ, МАРКИ: Compacfoam","АВСТРИЯ, Mader, Zollweg 1, 6841"
"Одежда верхняя швейная (3-го слоя) для детей старше 1-го года и подростков из смешанной ткани: костюмы, ветровки, куртки, пуховики, комбинезоны,","Турция, KAZIM KARABEKIR MAH. 3 KONAK, SOK. NO:2 INTERIOR DOOR NO: 1 YILDIRIM / BURSA, 40.199855°, 29.096550°"
"ГАЗОНОКОСИЛКА (РАЙДЕР) ПЕРЕДВИЖНАЯ, САМОХОДНАЯ, МОТОРНАЯ, С РЕЖУЩЕЙ ЧАСТЬЮ, ВРАЩАЮЩЕЙСЯ В ГОРИЗОНТАЛЬНОЙ ПЛОСКОСТИ, С СИДЕНИЕМ, СО ВСТРОЕННЫМ ЧЕТЫРЕХТАКТНЫМ ОДНОЦИЛИНДРОВЫМ БЕНЗИНОВЫМ ДВС МОЩНОСТЬЮ 9,7 КВТ, МАРКИ: Husqvarna","ПОЛЬША, Oddzial W Mielcu, ul. COP-u 6, PL-39-300 Mielec, Poland"
"Оборудование световое: Фонарь портативный ручной светодиодный ультрафиолетовый аккумуляторный, работающий от собственного источника, лазерная указка, кемпинговый фонарь, налобный фонарь, фонарь для велосипеда. Марки: A&L Happy Basket","Китай, No. 15 Yingbin Avenue, Qingxi Industrial Zone, Yongkang City, 29.087644°, 120.062490°"
Диагностические препараты для ветеринарии,"ФРАНЦИЯ, 11-13 rue des Aulnes 69760 Limonest"
Продукция косметическая,"Испания, 08020, Via Trajana, 45, Barcelona"
Лифт электрический пассажирский,"212798, БЕЛАРУСЬ, Могилев, г. Могилев, проспект Мира, 42"
"Изделия трикотажные верхние второго слоя для взрослых из хлопчатобумажной, льняной, шерстяной, полушерстяной, шелковой пряжи, синтетической, искусственной пряжи, из смеси синтетической и искусственной пряжи, акрила, хлопчатобумажной и синтетической пряжи (нитей), из смеси синтетических и шерстяных нитей (пряжи), из синтетических и искусственных нитей, в комплектах и отдельными предметами, в том числе на подкладке, с принтами, со стразами и шевронами, блузы, в том числе модель «топ», «боди», «кроп-топ», «рубашка», накидки, платья, в том числе модель «туника», «лапша», сарафаны, кардиганы, кофты, комбинезоны, свитеры, в том числе модель «свитшот», «худи», «водолазка», «лонгслив», толстовки, пуловеры, жакеты, пиджаки, в том числе модель «болеро», джемперы, модель «толстовка», жилеты, брюки, шорты, юбки, спортивные штаны в том числе модель «велосипедки», «лосины», «леггинсы», «джеггинсы», «джоггеры», «тайтсы», «кюлоты», «палаццо», шорты, спортивные костюмы, фитнес костюмы. Марка: DamEll.Cloth, Elly_shop, Darina_Cloth","КИТАЙ, 203, No. 5, Xijibei Street, Tangxi Xianggang, Nanjing Street, Baiyun District, Guangzhou, Guangdong, China."
"Одежда 2 слоя для женщин и мужчин: спортивные костюмы двойки и тройки, в том числе брюки спортивные, в том числе утепленные (не предназначенные для экипировки спортивных команд), костюмы «классические», костюм домашний, рубашки, платья, платья-футболки, платья мини, платья миди, платья макси, платья-рубашки, пиджаки, брюки, брюки (в том числе утепленные) «легинсы» и «лосины», брюки с нагрудниками и лямками, штаны, шорты, велосипедки, бриджи, джемперы, в том числе модели, «толстовка», «свитшот», «бомбер», «кардиган», «худи», свитеры, в том числе модель «водолазка», манишки, пуловеры, олимпийки, кофты, пончо, накидка пляжная, туника пляжная, накидки, подъюбники, юбки, жакеты, жилеты, блузки, блузы, блузы типа ""топ"", туники, платье-туника, блузки-топ, ""блузки-боди"", ""блузон"", жакеты модели ""болеро"", блейзер, полукомбинезон-рубашка, сарафаны, халаты, фартуки, комбинезоны, комбинезоны тип «кигуруми», юбка-шорты, джинсовые юбки, юбки карго, шорты джинсовые, джоггеры, джеггинсы, кюлоты, брюки-карго, брюки палаццо, брюки джинсовые, рубашки джинсовые, прочее из денима, сорочки верхние « поло». В том числе модели унисекс в комплектах и отдельными предметами, в том числе с нанесением принта.
Торговая марка: Lablee collection.","Китай, Bao'an District, Shenzhen, 102, Next to Building A, Wenle Industrial Zone, Longzhu Community, Xixiang Road, Bao'an District, Shenzhen, Guangdong."
"ЭЛЕКТРОДВИГАТЕЛЬ, АСИНХРОННЫЙ, ТРЕХФАЗНЫЙ, ПЕРЕМЕННОГО ТОКА, МОЩНОСТЬ 825 ВТ, ДЛЯ ПРОМЫШЛЕННОГО ОБОРУДОВАНИЯ, НАПРЯЖЕНИЕ 220В, МАРКИ: Jessberger","ГЕРМАНИЯ, Breitackerstrasse 9, 96049 Bamberg"
Стол операционный ОМ-30 с приспособлениями съемными,"БЕЛАРУСЬ, 220024, г. Минск, ул. Бабушкина, дом 22-3"
Стол операционный ОК-10 с принадлежностями,"БЕЛАРУСЬ, 220024, г. Минск, ул. Бабушкина, дом 22-3"
"ПРЕОБРАЗОВАТЕЛИ СТАТИЧЕСКИЕ, ИСПОЛЬЗУЕМЫЕ С ВЫЧИСЛИТЕЛЬНЫМИ МАШИНАМИ И ИХ БЛОКАМИ: БЛОК ПИТАНИЯ (МОДУЛЬ ПИТАНИЯ), ПРЕДСТАВЛЯЕТ СОБОЙ ПРЕОБРАЗОВАТЕЛЬ ПЕРЕМЕННОГО ЭЛЕКТРИЧЕСКОГО ТОКА НАПРЯЖЕНИЕМ 220 В ЧАСТОТОЙ 47-63ГЦ В ПОСТОЯННЫЙ ЭЛЕКТРИЧЕСКИЙ ТОК НАПРЯЖЕНИЕМ 12В ПОСТОЯННОГО ТОКА, НЕ БЫТОВОГО НАЗНАЧЕНИЯ ДЛЯ ПРОМЫШЛЕННОГО ПРИМЕНЕНИЯ, МАРКИ: APC","КИТАЙ, No. 05, Yinhe Street, Hongkang Road, Baigou New City, Baoding, Hebei"
Лифт электрический пассажирский,"212798, БЕЛАРУСЬ, Могилев, г. Могилев, проспект Мира, 42"
продукция косметическая (в наборах и отдельными предметами),"Испания, 08020, Via Trajana, 45, Barcelona"
"Обувь повседневная мужская и женская с верхом из кожи, нубука, замши, с вставками из текстиля, в том числе комбинированная - кроссовки, кеды,","Китай, Wan fu floor .Wan he industrial areas 1st Jidong Xiaolan Town Zhongshan City Guangdong province, 22.672256, 113.250553"
Арматура смесительная санитарно-техническая водоразборная:,"КИТАЙ, NO:328-329, Hetianxia Park, Yiwu 322000, Zhejiang, China"
"Изделия трикотажные второго слоя мужские и женские из хлопчатобумажной, смешанной, шерстяной, полушерстяной, льняной, полульняной, шелковой пряжи, из пряжи из синтетических и искусственных волокон и нитей, в том числе с вложением хлопковых, синтетических и искусственных волокон, в том числе с вложением эластомерной нити, в комплектах и отдельными предметами","КИТАЙ, RUIAN ANYYANGSHEN CAIZHAI DONG XIN RU ONE HUANDRED AND EIGHTY-EIGHT"
"Одежда 2 слоя для женщин и мужчин: спортивные костюмы двойки и тройки, в том числе брюки спортивные, в том числе утепленные (не предназначенные для экипировки спортивных команд), костюмы «классические», костюм домашний, рубашки, платья, платья-футболки, платья мини, платья миди, платья макси, платья-рубашки, пиджаки, брюки, брюки (в том числе утепленные) «легинсы» и «лосины», брюки с нагрудниками и лямками, штаны, шорты, велосипедки, бриджи, джемперы, в том числе модели, «толстовка», «свитшот», «бомбер», «кардиган», «худи», свитеры, в том числе модель «водолазка», манишки, пуловеры, олимпийки, кофты, пончо, накидка пляжная, туника пляжная, накидки, подъюбники, юбки, жакеты, жилеты, блузки, блузы, блузы типа ""топ"", туники, платье-туника, блузки-топ, ""блузки-боди"", ""блузон"", жакеты модели ""болеро"", блейзер, полукомбинезон-рубашка, сарафаны, халаты, фартуки, комбинезоны, комбинезоны тип «кигуруми», юбка-шорты, джинсовые юбки, юбки карго, шорты джинсовые, джоггеры, джеггинсы, кюлоты, брюки-карго, брюки палаццо, брюки джинсовые, рубашки джинсовые, прочее из денима, сорочки верхние « поло». В том числе модели унисекс в комплектах и отдельными предметами, в том числе с нанесением принта.
Торговая марка: Lablee collection.","Китай, Bao'an District, Shenzhen, 102, Next to Building A, Wenle Industrial Zone, Longzhu Community, Xixiang Road, Bao'an District, Shenzhen, Guangdong."
"Одежда швейная второго слоя мужская и женская из хлопчатобумажной, смешанной, шерстяной, полушерстяной, льняной, полульняной, шелковой ткани, из пряжи из синтетических и искусственных волокон и нитей, в том числе с вложением хлопковых, синтетических и искусственных волокон, в том числе с вложением эластомерной нити, в комплектах и отдельными предметами:","КИТАЙ, RUIAN ANYYANGSHEN CAIZHAI DONG XIN RU ONE HUANDRED AND EIGHTY-EIGHT"
Лифт электрический пассажирский,"212798, БЕЛАРУСЬ, Могилев, г. Могилев, проспект Мира, 42"
"УТЮГ ЭЛЕКТРИЧЕСКИЙ, НЕ БЫТОВОЙ, НАПРЯЖЕНИЕ 220В, ДЛЯ ОБРАБОТКИ ЛЫЖ, МАРКИ: REX","ФИНЛЯНДИЯ, Hiomotie 13, Fi-00380 Helsinki"
"Компоненты, поставляемые в качестве сменных (запасных) частей для транспортных средств:","Китай, No.10 Mingri Road,Liyu Industrial Park,Zhuzhou,Hunan, China zip code: 421000, 27.827138, 113.072959"
"Оборудование химическое, нефтегазоперерабатывающее: Реактор, модели: TANK-10L, TANK-20L, TANK-30L, TANK-50L, TANK-100L, TANK-200L, TANK-250L, TANK-500L, TANK-1500L; Stationary CIP/SIP station, модель CIP/SIP-50L, CIP/SIP-80L.","Китай, No. 1509, Duhui Road, Minhang District, Shanghai China"
"Изделия верхние трикотажные второго слоя для женщин из хлопчатобумажной пряжи, из хлопчатобумажной пряжи в сочетании с синтетическими волокнами и нитями, из пряжи из синтетических волокон и нитей, из пряжи из искусственных волокон и нитей, из пряжи из смеси хлопковых, синтетических и искусственных волокон и нитей:","Китай, ROOM B1101, #1 BUILDING, JIUZHOU INT'L SQUARE, YANGSHE TOWN, ZHANGJIAGANG CITY, JIANGSU, CHINA, 31.863295, 120.515774"
"Кондитерские изделия из сахара (включая белый шоколад), не содержащие какао с начинкой и без:","Китай, Zhejiang Province, Wenzhou City, No.177,Haichang Road,Haicheng"
"Оборудование химическое, нефтегазоперерабатывающее: Биоферментатор, модели: BR-F-10L, BR-F-50L, BR-F-100L, BR-F-200L, BR-F-500L.","Китай, No. 1509, Duhui Road, Minhang District, Shanghai China"
Пищевая добавка Каррагинан E407 Тип BLI1120,"КИТАЙ, 2699 Xingping 1st Road, Zhongdai Street, Pinghu City, Jiaxing City, Zhejiang Province, China"
"Компоненты транспортных средств торговой марки Auto Welt, поставляемые в качестве сменных (запасных) частей для послепродажного технического обслуживания автотранспортных средств: датчики давления топлива, артикулы CV-20055, 10 штук","Германия, 50354 Hurth, Grippekovenerstreet, 5 (50.887874, 6.8705304)."
"Электрические приборы не бытового назначения (не медицинского назначения) для салонов красоты с маркировкой BeautyDrill: аппараты для маникюра и педикюра, модели: Viki Port, Viki Nails, Nail Drill, Nail Polisher, Nail Master, Nail Drill Set, INAIL, FK1, FK2, FK3, FK4, FK5, 202, 203, 204, 205, 206, DM-202, DM-203, DM-204, DM-205, DM-206, YM-202, YM-203, YM-204, YM-205, YM-206, ZS-601, ZS-701, ZS-801, ZS-901, ZS-999, Strong 210, Strong 210/105L, Strong 212, Strong 213, Strong 214, Strong 215, Mercedes 2000, Mercedes 3000, Mercedes 4000, Mercedes 5000, DMJ2000, DMJ3000, DMJ4000, DMJ5000, DMJ6000, DMJ7000, ZS-717, ZS-718, ZS-719, ZS-720, ZS-721, ZS-722, Strong max 211, Strong max 222, Strong max 333, Strong max 444, Strong max 555, JF-108, JF-109, JF-110, JF-111, JF-112","Китай, 609, B2 Building Barea, Wanda Plaza, Balyun district, Guangzhou, China, 23.171188, 113.266791"
Конвейеры:,"КИТАЙ, Room B302 3rd Floor Building B Road Nanlin No.88 Shajing Street Bao An ,518125"
Барокамеры: Реактор Торговая марка Tofflon. Расчетное давление: До 0.4Мпа. Вместимость и модели,"Китай, No. 1509, Duhui Road, Minhang District, Shanghai China"
"Арматура промышленная трубопроводная: клапан, пневматический клапан, регулятор давления,","Соединенные Штаты, 2193 Denly Rd Houma, LA 70363, 29.549895°, -90.682864°"
"Аккумуляторная дрель-шуруповерт,","Китай, NO.74 ZISHAN WEST ROAD, ZHANGTING TOWN,YUYAO CITY, NINGBO CITY, ZHEJIANG PROVINCE"
"Рюкзак, сумка","Китай, Office 407, No. 53, Baofeng South Road, Shiling Town, Huadu District, Guangzhou, Chinah Road, Shiling Town, Huadu District, Guangzhou, China"
"Анализатор,","ЯПОНИЯ, 2-9-32 Nakacho, Musashino-shi, Tokyo 180-8750"
"Смесители, краны","Китай, FENGAN ROAD, FENGTANG TOWN, CHAOZHOU CITY, GUANGDONG PROVINCE, CHINA, 23.624027°, 116.565134°"
"Элементы оборудования (сборочные единицы) и комплектующие к нему, выдерживающие воздействие давления свыше 0,05 МПа:","Китай, NO.228 MEIFU ROAD, MINHANG DISTRICT, SHANGHAI, 31.109960°, 121.416210°"
Компоненты транспортных средств:,"Китай, Da Wang Zhen Fu Xing Wang Cun, Guangrao County, Dongying City, Shandong Province"
"Оборудование технологическое для мукомольно-крупяной, комбикормовой и элеваторной промышленности: Нория ковшевая,","Китай, Rm3414,F4 Block 141, Zhuanchang Beili, Tongzhou Dist.Beijing China, 101121, 39.879372°, 116.702762°"
"Реле,","Германия, Siemens Aktiengesellschaft Wittelsbacherplatz 2 80333 Munich Germany"
ПРИНТЕР ДЛЯ ПЕЧАТИ НАКЛЕЕК ДЛЯ ЭЛЕКТРООБОРУДОВАНИЯ (В КОМПЛЕКТЕ С ПРИНАДЛЕЖНОСТЯМИ),"Япония, 15-1, Naeshiro-cho, Mizuho-ku, Nagoya, 467-8561, Japan"
"Масло оливковое нерафинированное высшего качества (Extra virgin olive oil), в том числе, Органическое, PDO, PGI","ГРЕЦИЯ, 21, Marathonos, Industrial Zone N. Efkarpias, 56430, Thessaloniki"
Модифицированные крахмалы: LYCKEBY VOLUME С (ЛИКЕБИ ВОЛЬЮМ СИ) LYCKEBY VOLUME W (ЛИКЕБИ ВОЛЬЮМ В) LERF AC (ЛЕРФ АС) LERF CL (ЛЕРФ СЛ) LERF VP MB (ЛЕРФ ВП МБ) LYCKEBY 123 (ЛИКЕБИ 123) LYCKEBY 11166 (ЛИКЕБИ 11166) LYCKEBY 11200 (ЛИКЕБИ 11200) LYGEL 01 (ЛИГЕЛ 01) LYGEL 02 (ЛИГЕЛ 02) MICROLYS 32 (МИКРОЛИЗ 32) MICROLYS 34 (МИКРОЛИЗ 34) MICROLYS 36 (МИКРОЛИЗ 36) MICROLYS 52 (МИКРОЛИЗ 52) MICROLYS 54 (МИКРОЛИЗ).,"ШВЕЦИЯ, а/я 45, SE-290 34 Фьялкинге"
Инструменты ручные электрические: углошлифовальная машина,"Китай, Wangyuan Industrial Zone, Quanxi Town, Wuyi County, Zhejiang, China, 29.129500°, 119.690350°"
"Светодиодные LED модули DC12V серии: B3led, B2led, E2led, E3led, D1led, D2led, Mini 2835, TOR-1led, PXL, LED Lineyki. Светодиодные LED ленты DC12V серии: 2835-S-IP65, 120-Led, MH-12-086, MH-12-087-5mm. LED NEON 6*12: белый, тёплый белый, зелёный, оранжевый, жёлтый, красный, розовый, голубой, синий, бирюзовый, фиолетовый. LED NEON 8*16: белый, тёплый белый, зелёный, оранжевый, жёлтый, красный, розовый, голубой, синий, бирюзовый, фиолетовый.","Китай, 4th Floor, Building 6, 308 Lianhai Road, Jianghai District, Jiangmen, 4 этаж, корпус 6, улица Ляньхай, 308, район Цзянхай, Цзянмэнь"
Мебель для производственных помещений:,"КИТАЙ, Room B302 3rd Floor Building B Road Nanlin No.88 Shajing Street Bao An ,518125"
"Лабораторное оборудование, не медицинского назначения: Центрифуги, модель D1012UA, торговая марка DLAB.","Китай, Yuan Road 31 Area B KongGang Industrial Development Zone, Shunyi District, Beijing, 101318, P. R. China, 40.104944°, 116.544105°"
лифт,"ТУРЦИЯ, ANKARA, SINCAN, BASKENT OSB RECEP TAYYIP ERDOGAN BLY. NO 5"
"Приборы электроизмерительные: температурные сенсоры «Jumo»,","Германия, Moritz-Juchheim-Strasse 1, 36039 Fulda, 50.564015°, 9.684195°"
"Модули преобразователей,","ГЕРМАНИЯ, Flachsmarktstraße 8 D-32825 Blomberg"
"Оборудование технологическое для мукомольно-крупяной, комбикормовой и элеваторной промышленности: Транспортёр,","Китай, Rm3414,F4 Block 141, Zhuanchang Beili, Tongzhou Dist.Beijing China, 101121, 39.879372°, 116.702762°"
ЖАРЕНЫЕ ЗЕРНА КУКУРУЗЫ В СОУСЕ,"Турция, Çay Mahallesi., 6489. Sok., No:4, Akdeniz / Mersin, Türkiye, 36.840701, 34.700832"
"Экстракты, эссенции и концентраты кофе; Экстракты, эссенции и концентраты чая или мате; Готовые продукты на основе экстрактов, эссенций или концентратов кофе, чая или мате; Готовые продукты на основе кофе, чая или мате. Цикорий, кофе, кофейные напитки, чайные напитки, в том числе в виде порошка,","Китай, Zhejiang Province, Wenzhou City, No.177,Haichang Road,Haicheng"
"Изделия 3-го слоя верхние швейные для мужчин и женщин, из тканей из синтетических нитей в смеси с искусственными нитями, в том числе покрытые, дублированные, пропитанные полимерными материалами, в том числе на подкладке, в том числе утепленные, в том числе с отделкой: куртки (в том числе модели ""ветровка"", ""парка"", ""анорак"", ""бомбер"", ""косуха"", ""пуховик""), пальто (в том числе модели ""шазюбль"", ""дубленка""), полупальто (в том числе модель ""свингер""), плащи (в том числе модели ""дождевик"", ""тренчкот""), накидки (в том числе модели ""пончо"", ""кейп"", ""пелерина""), комбинезоны, полукомбинезоны, жилеты, жакеты (в том числе модели ""блузон"", ""болеро""), костюмы, пиджаки (в том числе модели ""фрак"", ""смокинг"", ""френч""), юбки, брюки (в том числе модели ""капри"", ""бермуды"", ""бриджи"", ""джогеры"", ""карго"", ""палаццо"", ""кюлоты""), шорты, юбки-брюки, юбки-шорты, в том числе в комплектах и наборах","Китай, 188, BINKANG ROAD BINJIANG HANGZHOU"
"Плоды цитрусовых культур свежие: помело свежее, грейпфруты свежие, маркировка FUJAN GUOGUO AGRICULTURAL DEVELOPMENT CO. LTD.","Китай, NO.112,SHANGXTPULOU,NANSHENG VILLAGE NANSHENG TOWN,PINGHE COUNTY,ZHANGZHOU,FUJIAN"
Смазочные материалы:,"ФРАНЦИЯ, 562 Avenue de Parc de I lle, 92029 Nanterre Cedex"
Головные уборы второго слоя для детей,"Испания, Ctra. Laurea Miro 403-405, 08980-Sant Feliu de Llobregat, Barcelona"
"Чернильный мембранный насос 24В,","Швейцария, Wassermatte 2, 6210 Sursee, Switzerland, 47.183079°, 8.106136°"
"Материалы текстильные одежные: ткани готовые из хлопковых, химических, синтетических, искусственных, натуральных, гидратцеллюлозных, эластомерных, шелковых, льняных, чистошерстяных, шерстяных, искусственных, синтетических нитей и волокон, их разных сочетаний, а также смешанных нитей и волокон,","Италия, 25047, Darfo Boario Terme, Via Roccole, 107, широта 45.900521°, долгота 10.195744°"
Фрукты субтропических культур,"ЧИЛИ, AV. VETACURA 3568 OF 316 VITACURA-CHILE"
Виски шотландский солодовый (объемная доля этилового спирта 40%):,"Соединенное Королевство Великобритании и Северной Ирландии, The Glenfiddich Distillery, Dufftown, Banffshire, AB55 4DH, Scotland, UK, / Гленфиддик Дистиллери, Бэнффшир, АВ55 4DH, Шотландия,"
Арматура промышленная трубопроводная,"Италия, Via Pietro Cossa, 2 25135 Brescia (BS)"
Мебель бытовая с металлическим каркасом:,"Китай, провинция Гуандун, Болоу, Юаньчжоу, Ляовей Синьвей"
"Упаковка бумажная и картонная для продукции промышленного и бытового назначения: коробки, пакеты, в том числе с надписями, с ручками. Торговые марки: «SOFI DE MARKO», «SIBERIA HOME»","Китай, NO 1802, ORIENTAL CENTURY CENTER, SHIXIN NORTH ROAD NO 22, XIAOSHAN DISTRICT, HANGZHOU CITY, ZHEJIANG, CHINA, 30.193196°, 120.266623°"
Напиток безалкогольный газированный,"ИСПАНИЯ, Карретера Сантес Креус с/н, 43814 Вила-Родона, Испания / Carretera Santes Creus s/n, 43814 Vila-Rodona, Spain"
Паста томатная,"КИТАЙ, Northern side of Wuqi High Road, Jimusaer County, Changji, Xinjiang 831700, China"
"Станки металлообрабатывающие : ""пила монтажная электрическая"" (для распиловки металлических изделий)","Китай, CBD of Yinzhou District, Ningbo City, Zhejiang Province"
"Продукция косметическая ухода за кожей, с товарным знаком «Ultra V», в том числе в наборах: антивозрастная сыворотка-концентрат для кожи лица в ампулах SIGNATURE с идебеноном «IDEBENONE SIGNATURE AMPOULE».","Республика Корея, 10-171, 54, Gyeyangmunhwa-ro, Gyeyanggu, South Korea"
Макаронные изделия:,"Корея, Республика, #1304, Centum 1st, 141, Seowon-Ro, Wansan-Gu, Jeonju-Si, Jeonbuk-Do, 34.527058, 127.245734"
"Посуда хозяйственная из бесцветного жаростойкого стекла (в том числе боросиликатного стекла) для взрослых, в том числе с элементами из полимерных материалов, дерева, бамбука, нержавеющей стали, в том числе с двойными стенками, в том числе со стеклянными, стальными, пластиковыми ситечками (фильтрами), в наборах и отдельными предметами","КИТАЙ, RM802, BULD.25, NO.1 PARK, YANCHENG, CHINA (КНР, Йанченг, Парк 1, строение 25, РМ802)"
Литий-ионный аккумулятор,"Китай, Shuangchenzhong Road Beichen Economic Development Area (BEDA) Tianjin 300400, P.R. China"
Проводники электрические,"КИТАЙ, MANZHOULI, JIDIANZONE, 8, JIDIANZONE EAST NEW, GOVERNMENT MANZHOULI"
Грейпфруты свежие.,"Турция, TURKEY, TRABZON, ORTAHISAR, CARSI MAH. DEREBOYU SOKAK NO, 18/1"
"Оборудование для электротехнической промышленности: Автомат установки компонентов, монтажный автомат,","Германия, Industriestraße 8, 55743 Idar-Oberstein, 49.722000°, 7.376870°"
"Фрезы: отрезные и прорезные из быстрорежущей стали марки Р6М5, HSS, HSS 4341, Р6М5К5, HSSE, HSS 6542","Китай, B-16, Zaoqiao industerial area, Hongjia street, Jiaojiang, Taizhou city, Zhejiang province"
"Оборудование измерительное: Мультиметр, МУЛЬТИМЕТР ЦИФРОВОЙ МНОГОФУНКЦИОНАЛЬНЫЙ Толщиномер, Мультиметр-ручка цифровой, Тестер транзисторов, Мультиметр цифровой с цветным дисплеем и встроенным аккумулятором, Индикатор напряжения бесконтактный, Цифровой pH-метр","Китай, CBD of Yinzhou District, Ningbo City, Zhejiang Province"
Оборудование технологическое для пищевой промышленности:,"Китай, No. 80, Tongsheng Road, Dongning Town, Dongning City, Mudanjiang City, Heilongjiang Province"
"Продукция косметическая ухода за кожей, с товарным знаком «Ultra V», в том числе в наборах: антивозрастной увлажняющий крем для кожи лица с идебеноном «IDEBENONE CREAM».","Республика Корея, 10-171, 54, Gyeyangmunhwa-ro, Gyeyanggu, South Korea"
"Зажигалки электрические, с маркировкой: LIGHTER, TIANMU, DONGNING HENGXIANG TRADING CO., LTD., YIWU WEISINA IMPORT AND EXPORT CO., LTD, модель: A001, A006","Китай, 108, BUILDING 1, DISCOVERY HAOYUAN, NO. 65 TUANJIE ROAD, DONGNING TOWN, DONGNING CITY, MUDANJIANG CITY, HEILONGJIANG PROVINCE,CHINA"
"Оборудование для промышленности строительных материалов: Паллетоукладчик, модель ALK-LZ-400-B","Китай, East End of Chuangye Road, Gaoxin District, Feicheng City, Tai'an City, Shandong Province"
"Плоды цитрусовых культур: мандарины свежие, кумкваты свежие, маркировка ZIGUI COUNTY QUGU FOOD CO., LTD","КИТАЙ, INGANGCHENG VILLAGE, MAOPING TOWN, YICHANG CITY, HUBEI PROVINCE, CHINA"
"Аккумуляторы литий-ионные, для складских электротележек,","Китай, No. 104, Zone 1, Tangwang Village, Pengjie Town, Luqiao District, Taizhou City, Zhejiang Province"
"Продукция парфюмерная марки «KENZO», в том числе из парфюмерных наборов и образцы-пробники:","Франция, 77 Rue A. France, 92300 Levallois-Perret"
"Изделия санитарно-гигиенического назначения из пластмасс, в наборах и отдельными предметами","КИТАЙ, RM 306 NO.82 XINGANG DONG ROAD, HAIZHU DISTRICT GUANGZHOU"
"Оборудование для изменения потока движения зерновых, продуктов переработки: Распределитель,","Китай, Rm3414,F4 Block 141, Zhuanchang Beili, Tongzhou Dist.Beijing China, 101121, 39.879372°, 116.702762°"
Электрические приборы бытового назначения для нагревания жидкости,"Китай, No.1 South Of Shenghui Road , Nantou Town, Zhongshan City, Guangdong"
"подушка «Сердце», артикул SJ23072002 - 3240 штук, плед, артикул ST22051801 - 6 816 штук","КИТАЙ, ROOM 708, FLOOR 7, NO.529 ZONGZE NORTH ROAD, BEIYUAN STREET, YIWU CITY, ZHEJIANG PROVINCE"
"фрезы с многогранными твердосплавными пластинами марок “GRIF”, “SANT”, “Jinte”, “HT”, “Achteck”, “CDBP”, “ZCC CT”, “GRIF / SANT”.","КИТАЙ, Block A,Building7,B area, Auto Parts Industrial Park,No.9 Zhongda Road, District, Zhuzhou City, Hunan Province ,China"
"Оборудование для сварки бытовое: Инвертор сварочный,","Китай, EAST OF XINCHENG AVENUE, QIAOWU VILLAGE, ZEGUO TOWN,WENLING, TAIZHOU, ZHEJIANG PROVINCE, CHINA, 28.494173°, 121.352299°"
"Консервы стерилизованные с маркировкой «PREMIERE OF TASTE»: кусочки ананаса в ананасовом соке в жестяных банках массой нетто от 0,1 кг до 1 кг","ИНДОНЕЗИЯ, Sequis Tower Level 39-40, Jl. Jendral Sudirman Kav. 71, SCBD Lot 11-B, Jakarta Selatan 12190, Indonesia, координаты ГЛОНАСС: -6.225678, 106.807186"
"Конвертеры последовательных интерфейсов RS-232/422/485,","ТАЙВАНЬ (КИТАЙ), 1111, Heping Rd., Bade District, Taoyuan City 334, Taiwan"
арматура промышленная трубопроводная:,"Китай, Ningbo, Zhejiang, China, 315131"
"Драже с молочным шоколадом в сахарной глазури – для декорирования 6 цветов, MICRO","ПОЛЬША, Ul. Chopina 10, 34-100 Wadowice, Poland"
Компоненты транспортных средств:,"Китай, Da Wang Zhen Fu Xing Wang Cun, Guangrao County, Dongying City, Shandong Province"
"Арматура промышленная трубопроводная: Краны шаровые, краны смесительные,","100020, Китай, Chaoyang District, Beijing, Room 2506, Fuli Twin Tower A No.59, Dongsanhuan Middle Road, P.R. China"
Какао-порошок натуральный.,"ИНДОНЕЗИЯ, BETA PLOT NO. 2, KAWASAN INDUSTRI MASPION, JL. RAYA MANYAR KM 25, DESA MANYAR SIDOMUKTI, KECAMATAN MANYAR GRESIK 61151, EAST JAVA, INDONESIA,"
"Беспроводные роутеры,","ТАЙВАНЬ (КИТАЙ), No. 150, Li-Te Rd., Peitou, Taipei 112, GLN: 4719543900017"
"Аккумуляторная литий-полимерные батарея,","СОЕДИНЕННОЕ КОРОЛЕВСТВО, Unit 1, Regent Park Booth Drive Park Farm South Wellingborough Northants, NN8 6GR, United Kingdom"
"Изделия верхние третьего слоя для взрослых: Пуховики женские
бренд SENSUALITY","Китай, Floor 5,No.98 Tongan Park, Industrial Concentration Zone, Tongan District, Xiamen,China"
"Батареи аккумуляторные свинцово-кислотные герметизированные. Торговых марок: One Sun, Sunways","КИТАЙ, WENGCHENG INDUSTRIAL PARK, GUANDU DEVELOPMENT ZONE, WENGYUAN, SHAOGUAN, GUANGDONG, 24.422780, 113.795390"
"резцы токарные с многогранными твердосплавными пластинами марок “GRIF”, “SANT”, “Jinte”, “HT”, “Achteck”, “CDBP”, “ZCC CT”, “GRIF / SANT”.","КИТАЙ, Block A,Building7,B area, Auto Parts Industrial Park,No.9 Zhongda Road, District, Zhuzhou City, Hunan Province ,China"
"Шкаф наружного исполнения, модель: SmartAX F01M50","КИТАЙ, Bantian, Longgang District, Shenzhen 518129, PR of China"
Устройства межсистемной связи cетей:,"Китай, 22-23F, Bldg.2, Nanshan I Park Chongwen, 3370 Liuxian Avenue, Nanshan District, Shnzhen, China, 518052, 22.583546°, 113.976445°"
"Портативные аккумуляторы: повербанк, с торговым знаком «Chateau Tamagne».","Китай, Здание 7, ул. Хуа Юй, деревня Чан Лун, г. Хуан Цзян, Дунгуань, пров. Гуандун, Глонасс 23.022447,113.746397"
"Инструмент ручной электрифицированный: угловые шлифовальные машины, торговой марки «DENZEL», модель AG125-1500 (артикул 26907).","КИТАЙ, NO.21, NORTH MINGYUAN ROAD, HARDWARE TECHNOLOGY INDUSTRY ZONE, YONGKANG, CHINA. Координаты: 28.915700, 120.082062."
Смазочные материалы:,"ФРАНЦИЯ, 562 Avenue de Parc de I lle, 92029 Nanterre Cedex"
Саундбары,"Япония, 1-7-1 Konan, Minato-ku, Tokyo, 108-0075, 35.631403°, 139.743647°"
"Средства косметические для ухода за кожей, в том числе в наборах и пробниках:","КОРЕЯ, РЕСПУБЛИКА, 22-17, sandan-gil, Jeonui-myeon, Segong-si, Republic of Korea"
"Посуда из стекла, в том числе упрочненного для взрослых: сосуды стеклянные для аэрации вина - декантер, с товарным знаком «Chateau Tamagne»","Гонконг, Unit 04, 7/F Bright Way Tower, No. 33 Mong Kok Road, Kowloon, Hong Kong, GLN 4607062869987"
Шины пневматические для легковых автомобилей и их прицепов.,"КИТАЙ, Dadi Road West, Xinhai Road North, Houzhen Industry Zone, 262700 Shouguang City, Shandong province, China (PRC)"
"Изделия 2-го слоя верхние швейные для мужчин и женщин, из хлопчатобумажных тканей, в том числе джинсовых, в том числе в смеси с синтетическими нитями, в том числе на подкладке, в том числе с отделкой, в том числе спортивного назначения: платья (в том числе модель ""сарафан""), блузки (в том числе модели ""боди"", ""топ"", ""бюстье"", ""блуза"", ""туника""), брюки (в том числе модели ""капри"", ""бермуды"", ""бриджи"", ""джогеры"", ""карго"", ""палаццо"", ""кюлоты""), джинсы, костюмы, комбинезоны, полукомбинезоны, шорты, юбки, юбки-брюки, юбки-шорты, жакеты (в том числе модели ""блузон"", ""болеро""), жилеты, блейзеры, кардиганы, пиджаки (в том числе модели ""фрак"", ""смокинг"", ""френч""), фартуки, в том числе в комплектах и наборах","Китай, 10F, Jinling Intl Mansion, No. 85, Ou Yang Road, Shanghai 200081, 31.270531°, 121.487660°"
"Вино игристое «PROSECCO EXTRA DRY MILLESIMATO » (Просекко Экстра Драй Миллезимато) брют белое региона Тревизо; Вино игристое «PROSECCO BRUT ""MARNA BLU""» (Просекко Брют ""Марна Блю"") брют белое региона Тревизо.","ИТАЛИЯ, Via Palu, 19-31026 Sarmede (TV) Italy / ""Сочьета Агрикола Масот сс"", Виа Палу, 19-31026 Сармеде (ТВ)"
Электрические приборы бытового назначения:,"Китай, No. 80, Tongsheng Road, Dongning Town, Dongning City, Mudanjiang City, Heilongjiang Province"
Приборы измерительные электронные:,"ФРАНЦИЯ, 174, Route dEyguières FR-13113 Lamanon"
Вино сортовое выдержанное,"ФРАНЦИЯ, Champ Potard, 396 rue Adrien Arcelin F-71960 Fuissé , France /""Домэн Софи Синье"", Шам Потар, 396 рю Адриен Арсэлен, Ф-71960 Фюиссе"
"Кондитерские изделия сахаристые: Начинка кондитерская ""Сгущёнка-варёнка""","ЭСТОНИЯ, 31026, Altserva 31, Kohtla-Järve"
"ФОНАРЬ ЭЛЕКТРИЧЕСКИЙ СВЕТОДИОДНЫЙ НАЛОБНЫЙ, АККУМУЛЯТОРНЫЙ, ОБЩЕГРАЖДАНСКОГО НАЗНАЧЕНИЯ; НАЛОБНЫЙ ТУРИСТИЧЕСКИЙ ФОНАРЬ, ФОНАРЬ ЭЛЕКТРИЧЕСКИЙ СВЕТОДИОДНЫЙ КЕМПИНГОВЫЙ, АККУМУЛЯТОРНЫЙ, ОБЩЕГРАЖДАНСКОГО НАЗНАЧЕНИЯ; КЕМПИНГОВЫЙ ТУРИСТИЧЕСКИЙ ФОНАРЬ.","Китай, No. 15 Yingbin Avenue, Qingxi Industrial Zone, Yongkang City, 29.087644°, 120.062490°"
Электрические приборы бытового назначения:,"Китай, No. 80, Tongsheng Road, Dongning Town, Dongning City, Mudanjiang City, Heilongjiang Province"
Напитки спиртные: «Текила Дон Хулио 70 Кристалино Аньехо» (объемная доля этилового спирта 35%) - 300 бутылок; «Текила Дон Хулио 70 Кристалино Аньехо» (объемная доля этилового спирта 40%) - 300 бутылок.,"МЕКСИКА, Carretera Atotonilco-Guadalajara KM 8, Atotonilko el Alto, Jalisco, C.P. 47750, Mexico /, Карретера Атотонилко-Гваделахара КМ 8, Атотонилко эль Альто, Халиско, Си.Пи. 47750, Мексика."
Фрукты тропических культур,"БРАЗИЛИЯ, ROD. BR 407, S/N, AREA PA I LOTE 626 PSNC NUCLEO 02 - PETROLINA PE BRAZIL CNPJ: 09.665.653/0001-64"
"Оборудование световое: светильники светодиодные декоративные переносные и стационарные с питанием от химического источника тока (батарейки) и от USB: светодиодная, гирлянда светодиодная, нитяные шарики, гирлянды нити, гирлянда роса, гирлянды нить-роса, гирлянды капли росы, гирлянды занавесы, декоративная гирлянда венок, светодиодное дерево , гирлянда светодиодная новогодняя гибкая, светодиодная гибкая гирлянда нить роса, держатель для шаров со светодиодами из пластика, металла, сувенирные фонарики, струнный наружный фонарь, домик с подсветкой, гирлянды световые, гирлянда на солнечной батарее, гирлянды «штора», светодиодные ленты для декоративного освещения помещений и фасадов зданий, гирлянды из светодиодных лампочек, гирлянды иллюминационные, гирлянды декоративные, светодиодные сетки, фигурки в виде: снеговиков, дедов морозов, ангелов, елок, снегурочек, оленей, снежинок, ангелов, лун, снеговиков, колокольчиков с LED подсветкой, фонари, гирлянды для украшения ёлок, световые занавеси и сетки; светящиеся ели, сосны, венки, светящиеся фигуры, фигурки в виде оленя, деды морозы, снегурочки, звездочки, светящиеся фонари, светящиеся декоративные светильники, походные фонари светодиодные, налобные фонари led, уличный светильник от солнечной батареи, детский светодиодный ночник с функцией Bluetooth на пульте управления, 3Д ночник, детский ночник проектор звездного неба с белым шумом и мелодиями, светодиодная Led подсветка, декоративные светильники «лавовые лампы», звезды светящиеся, наконечники для елей светящиеся, в том числе музыкальные, светильники декоративные, ночники, детские ночники, детские светильники, детский ночник-проектор, LED times-55, LED светильник и Led ночник, led проектор детский, ночник проектор с мелодией, лазерный проектор, зеркало с подсветкой, зеркало карманное с подсветкой, косметические зеркала с подсветкой, декоративный диско-шар проектор с мелодией, светильник силиконовый светодиодный, светодиодный ночной светильник с датчиком движения, ночники на батарейках, в том числе usb, светодиодная лента с пультом, лампы настольные светодиодные. Мрака: ForLife","Китай, 10F, NO.4 BUILDING, WANDA PLAZA, TAIZHOU, CHINA"
"Плоды тропических и субтропических культур свежие, упакованные одного наименования и в наборах (миксах), с маркировкой ""Fresh Quality Comercio Exterior Ltda"":","БРАЗИЛИЯ, (CNPJ: 31.773.117/0001-31) RODOVIA JOSE CARVALHO KM 104, SN, GALPAO 1 E 2 LIBERDADE-PIEDADE-SP, BRASIL"
Оборудование насосное:,"КИТАЙ, No. 1412 Jinshao Road, Baoshan district, Shanghai"
"Оборудование световое общего назначения от сети: светодиодные ленты для декоративного освещения помещений и фасадов зданий, светодиодные нити, светодиодная бахрома, гирлянды, в том числе, гирлянды светодиодные, гирлянда уличная ретро, гирлянды электрические, гирлянды шторы, гирлянды занавесы, гирлянды нити, гирлянда роса, гирлянды нить-роса, гирлянды капли росы, led гирлянды, USB лампочка, светодиодная бахрома, гирлянды для украшения ёлок, елка со встроеной гирляндой, гирлянды светодиодные звёзды, светодиодные гирлянды шары, гирлянда бахрома, гирлянды на ёлку нить, гирлянды фонарики, гирлянды сетка, гирлянды шторы с пультом дистанционного управления , гирлянды нить с пультом дистанционного управления, дюралайт, неоновые ленты, водопады «конский хвост», светодиодные сетки, светодиодные вывески, фигуры из светодиодных лент, детский ночник-проектор, кольцевые лампы, ночник-проектор, ночник проектор с мелодией, декоративный диско-шар проектор с мелодией, проектор ночное небо, проектор светодиодный, прожектор светодиодный светильники декоративные, ночники, детские ночники, ночник-проектор, детские светильники, светильник силиконовый светодиодный, светодиодный ночной светильник с датчиком движения, ночник со встроенной аудиосистемой, зеркало с подсветкой, торшер, ночник с функцией Bluetooth, ночник-куб usb с адаптером, ночник-проектор куб creative table lamp, ночник-шар, светодиодный светильник для растений, Grow light гроу лампы, фитосветильник для растений, фитолампа, светильник круглый декоративный, светильники из изолона, светодиодные ленты, светодиодная лента подсветка с датчиком движения, неосветильник, светодиодная лента с пультом дистанционного управления, led светодиодная люстра, LED ночник, ночник проектор звёздное небо, ночник фигурка, кольцевая лампа, кольцевая светодиодная лампа, светодиодная лампа, лампа закат, лампа с линзой, фигурки с LED подсветкой, фонари, световые занавеси и сетки, светящиеся фонари, светящиеся декоративные светильники, декоративные светильники «лавовые лампы», звезды светящиеся, наконечники для елей светящиеся. Марка: ForLife","Китай, Room 720, Building 4, LOMO Apartment, No. 28988 Jingshi Road, Huaiyin District, Jinan City, Shandong Province"
Одежда верхняя швейная пальтового ассортимента из хлопчатобумажных тканей для женщин,"Китай, Room 1518, Shenzhen Kerry Centre, Renmin Road (S), Shenzhen, People Republic, China, 22.300701°, 114.208747°"
"Инструмент абразивный отрезные, шлифовальные, зачистные круги:","КИТАЙ, Room1114, buiding2, Sky Wing Business Center, Shangcheng District, Hangzhou City, Zhejiang Province"
"Внешний аккумулятор, аккумулятор, пауер банк,","Китай, RM 1302 13/F CHEONG K BUILDING 84-86 DES VOEUX ROAD CENTRAL, координаты 22.284438, 114.155400"
"Постельные принадлежности для взрослых в комплектах и отдельными предметами: одеяла, подушки, постельные покрывала, ортопедические и анатомические подушки с эффектом памяти из пенополиуретана Memory Foam, наматрасники, перины с верхом из хлопчатобумажных, в том числе джинсовых, льняных, шерстяных, смешанных тканей, из тканей из синтетических волокон и нитей, с наполнителем из синтетических волокон, перо-пуховым наполнителем. Марка: home like","Китай, LE AN COUNTY, FUZHOU CITY, JIANGXI PROVICE, 27.428140°, 115.831090°"
Многофункциональная мыльница,"Китай, 23, Chuangxin Road, Huangzhai Town, Pujiang County, Jinhua city, Zhejiang province, 29.447508, 120.026589"
Обратный клапан поворотный фланцевый DN500 PN10,"Китай, DAYANG INDUSTRIAL PARK, LUYANG DISTRICT, HEFEI, ANHUI"
"Машины и оборудование для коммунального хозяйства: подметальная машина бензиновая на колесах для уборки тротуаров,","Китай, WangGeZhuang Development Area, Anping County, Hengshui City, Hebei, P. R., China"
"ПЕРЕЦ СВЕЖИЙ, СЛАДКИЙ","ИРАН, ИСЛАМСКАЯ РЕСПУБЛИКА, IRAN, pardis pasajh, azadi St, piranshahr city"
"Усилители звуковой частоты не бытового, не офисного назначения: громкоговорители,","Китай, 300040, China, Tianjin, Heping Distrcit, Baoding Road, No. 25, 39.120615°, 117.208009°"
Продукция косметическая для ухода за волосами марки «Vichy»:,"ФРАНЦИЯ, 14, Rue Royale, Paris, France, 75008"
"Проводники электрические: Плоские кабели, на напряжение 30В,","Малайзия, 76, Jalan Pengasah 3, Kampung Rantau Panjang, 41200 Klang, Selangor, Малайзия, 3.039515°, 101.413759°"
Электрические посудомоечные машины не бытового назначения,"Турция, Isiktepe OSB Mahallesi, Eflatun Cadde 9, 16215 Nilufer, BURSA"
"Переключатели ползунковые,","Китай, Office 1007-8 10/F Harcourt House 39 Gloucester Road Wanchai Hong Kong, 22.279719°, 114.173061°"
"Тарелка десертная «Ландыш», артикул NMP70-23012 – 18 936 шт.,
Тарелка обеденная Ландыш артикул NMP100-23012 – 18900 шт.,
Тарелка суповая Ландыш, артикул NMQP80-23012 – 18 912 шт.,
Салатник «Ландыши» артикул NPKW60-23012 – 18144 шт.","КИТАЙ, NO.47, DONGFENG 2ND ROAD, YANGJIANG ,GUANGDONG"
Кабачки свежие,"ТУРЦИЯ, ISPARTA, SENIRKENT, SULTAN SULEYMAN MAH., GUVEN SK. 1/5"
Дизельный вилочный погрузчик,"Китайская Народная Республика, P6J9+365, Woyun Rd, Shushan District, Hefei, Anhui, Китай, 231281, 31.809977145573725, 117.24112818621656"
"Посуда стеклянная для взрослых в наборах и отдельными предметами: изделия из стекла, в том числе боросиликатного, жаростойкого стекла, с элементами из дерева: стаканы, стакан из двойного стекла, стакан заварочный из двойного стекла с крышкой, бокалы, вазы, кувшины, кружки, кружка из двойного стекла, кружка из двойного стекла с крышкой, графины, бутылки, бутылки питьевые, стеклянные трубочки, подсвечники, гайвань, чахай, банки для сыпучих продуктов, крышки, бульонницы, тарелки, тарелки обеденные, тарелки суповые, пиала из двойного стекла, подносы, тортницы, этажерки, чайники, подставки под горячее, дозаторы для мыла с емкостью из стекла, мыльницы, фужеры, рюмки, чашки, салатники, маслёнки, сахарницы, ваза декоративная, цветочная ваза, цветочный горшок, диспенсер кухонный, органайзер для хранения, дозатор для мыла и моющих средств, салатник, тарелка, суповница, фруктовница, банка для сыпучих в том числе с элементами из бамбука, банка с крышкой, баночки для хранения специй стеклянные с пластиковыми крышками, трубочки, крышка, лоток для хранения в том числе с элементами из бамбука, чайник заварочный с металлическими элементами, чайник заварочный с бамбуковой крышкой, чайник заварочный со стеклянной крышкой, чайник заварочный с элементами из бамбука, кастрюля, ковш, емкость для запекания, креманка, соусник, бутылка для молока, бутылка для воды, декандер, бутылка декоративная, распылитель для масла, кувшин, набор контейнеров, набор посуды, масленка, френч-пресс, турка, набор стаканов, термокувшин, колба, набор аксессуаров для ванн, емкость для масла и уксуса, набор для специй в том числе с элементами из бамбука, пластика, сахарница в том числе с элементами из бамбука, мельница, доска разделочная, подставка для яиц, чашка с двойными стенками, мельница с элементами керамики и пластика, утятница, паштетница, набор стопок, дозатор для масла, блюдце, набор чайный, менажница, подставка под горячее, шейкер, конфетница, ёмкость с пластиковой крышкой, чайник заварочный с пластиковой крышкой, форма для запекания, бульонница, поднос, блюдо, тортница, в том числе с элементами из бамбука, хлебница, этажерка, ваза для хранения, емкость для сыра, банка для меда в том числе с элементами из бамбука, армуд, подсвечник, кольцо для салфеток, салфетница, графин, бутылка с пробковой крышкой, лимонница, распылитель для масла, флаконы для хранения эфирного масла, автомобильный диффузор для эфирных масел, в том числе с элементами бамбука, бокалы с элементами из полимерных материалов, стакан с пластиковой крышкой, бутылка с двумя ёмкостями, заварочным элементом, пластиком и железом, молочник. Марка: Crystal glasses","Китай, China, Zhejiang, Yinzhou, Ningbo, Tiangao Alley, No.222, Nan Yuan New City Hotel, room 3423, 29.805235°, 121.545986°"
Грейпфруты свежие,"ТУРЦИЯ, ISPARTA, SENIRKENT, SULTAN SULEYMAN MAH., GUVEN SK. 1/5"
"Станки металлообрабатывающие: токарные обрабатывающие центры, токарные многоцелевые, винторезные, сверлильные, радиально-сверлильные, сверлильно-фрезерные станки, фрезерные, расточные, фрезерно-расточные станки,","Китай, Xianggong Sangyuan Industrial Zone, Zhangqiu City, Jinan City, Shandong Province, China"
"Вина молодые сортовые полусухие красные (объемная доля этилового спирта 9% - 15%, массовая концентрация сахаров от 4 г/дм3 до 18 г/дм3): «Ла Пикета Каберне Совиньон»; «Ла Пикета Мерло»; «Конкеста Мерло»; «Конкеста Темпранильо»; «Конкеста Каберне Совиньон».
Вина молодые сортовые полусухие белые (объемная доля этилового спирта 9% - 15%, массовая концентрация сахаров от 4 г/дм3 до 18 г/дм3): «Ла Пикета Совиньон Блан»; «Конкеста Шардоне»; «Конкеста Совиньон Блан»
Вино молодое сортовое сухое белое (объемная доля этилового спирта 9% - 15%): «Ла Пикета Шардоне».","ИСПАНИЯ, Autovia del Sur Km 199, 13300 Valdepenas, Spain / Аутовия дел Сур Км 199, 13300 Вальдепеньяс."
Насос,"Швеция, Sickla Industriväg 19, Nacka"
Станки металлообрабатывающие:,"Китай, No.10,FuYang, Industrial Park, FuYuan Road, XiangCheng District, Suzhou city,China, 31.402110°, 120.640980°"
"Плоды цитрусовых культур свежие: мандарины свежие, апельсины свежие, кумкваты свежие, маркировка Jiangxi Province Hongyuan Fruit Industry Co.,Ltd.","Китай, Zeng Gong Avenue Extenxsion,Nanfeng County,Fuzhou City Jiangxi Provine"
"Трубы канализационные из полипропилена (для внутридомовой канализации),","Польша, Sieniawa Zarska 69 68-213 Lipinki Luzyckie"
"Хурма свежая, урожай 2023 года","УЗБЕКИСТАН, Республика Узбекистан , Ферганская область, г.Фергана, ул. Ал-Фаргоний 20/2"
"Парогенератор промышленный, модели: 34KW, 36KW, 42KW, 45KW, 50KW","Китай, Dafan Village, Fenglin Town, Yangxin County, Huangshi City, Hubei Province"
Виски шотландский односолодовый ГЛЕНМОРАНДЖИ ОРИДЖИНАЛ 10 ЛЕТ (GLENMORANGIE THE ORIGINAL 10 YEARS ) (объемная доля этилового спирта 40%),"Соединенное Королевство Великобритании и Северной Ирландии, Шотландия, Куб, 45 Лейт-Стрит, Эдинбург ЕН1 / The Cube, 45 Leith Street, Edinburgh EH1, Scotland, UK , 55.954490, -3.186967"
"Вакуумный мембранный насос 24В,","Швейцария, Wassermatte 2, 6210 Sursee, Switzerland, 47.183079°, 8.106136°"
"Средства косметические по уходу за кожей: BARONESS Успокаивающий гель с Алоэ Вера,","КОРЕЯ, РЕСПУБЛИКА, 6-6 Seochojoongangro-33gil, Seochogu Seoul, Korea"
Оборудование технологическое для мебельной промышленности: Машина упаковочная.,"Китай, No. 1, 9th Road, Xiyuan, Xihu Science and Technology Park, Santun City, Hangzhou, China, 120.071358, 30.323307"
"Одежда верхняя швейная третьего слоя мужская в комплектах и отдельными предметами: пальто, полупальто, плащи, ""парки"", куртки, в том числе без рукавов (""жилеты"")","Турция, NURIPASA MAH. ZUBEYDE HANIM CADDESİ 300 B 34025. ZEYTİNBURNU. ISTANBUL, 40.98322774374989, 28.899476437801873"
"Аппарат плазменной резки,","Китай, CBD of Yinzhou District, Ningbo City, Zhejiang Province"
"Оборудование технологическое для стекольной промышленности торговая марка: «North Glass»:
Секция печи для закалки гнутого стекла, модель: 2H13
печи для закалки плоского/гнутого листового стекла, модель: AU-1B40, AU-1E42, AU-1E60, AU-1G30, AU- 1J30, AU-1J42, T-1S60, BG-1B50, BG-1B42, AG-1E60, AU-12E6025R, AG-1S60, AG-1S20, BU -12Q3010R, 5S60, BG-15E50R, AG-1S60, TG1S60, AG-1B36, TG-1S60, AG-1B50, BU-1B36, BU1B36
Секция нагрева стекла мод. 1B36.","Китай, 201614, No.328 Guanghua Road, Songjiang Science & Technology Zone, Shanghai, координаты 31.037904,121.245730"
"Виски ирландский купажированный «ВЕСТ КОРК АЙРИШ СТАУТ КАСК МЭЙЧУРД».
Виски ирландский солодовый «ВЕСТ КОРК СМОЛ БЭТЧ КАЛЬВАДОС КАСК ФИНИШД» .
Виски ирландский купажированный «ВЕСТ КОРК КАСК СТРЕНГС».
Виски ирландский солодовый «ВЕСТ КОРК ГЛЕНГАРРИФФ СЕРИЕС БОГ ОАК ЧАРД КАСК».
Виски ирландский солодовый «ВЕСТ КОРК ГЛЕНГАРРИФФ СЕРИЕС ПИТ ЧАРД КАСК».
Объемная доля этилового спирта не менее 40%.","ИРЛАНДИЯ, Marsh Road, Skibbereen, Co. Cork, Ireland / Марш Роуд, Скибберин, Ко. Корк, Ирландия."
"Изделия трикотажные верхние женские из хлопчатобумажной пряжи: джемперы, в том числе с коротким рукавом, пуловеры, свитеры, брюки, кардиганы, юбки, платья,","Турция, IOSB METAL İS SANAYİ SİTESİ 17.BLOK NO:7 BASAKSEHİR"
Оборудование технологическое:,"КИТАЙ, Room 08, Floor 34, Unit 2, Yonghe Longzihu Central Plaza, 197 Ping An Avenue, Jinshui District, Zhengzhou City, Henan Province, China"
Электрические приборы бытового назначения:,"Китай, No. 80, Tongsheng Road, Dongning Town, Dongning City, Mudanjiang City, Heilongjiang Province"
"Продукция косметическая ухода за кожей, с товарным знаком «Ultra V», в том числе в наборах: антивозрастная увлажняющая тканевая маска для кожи лица с идебеноном «AQUA SHINE MASK» (партия 203 набора); антивозрастная маска для лица с идебеноном на нетканой основе «IDEBENONE SIGNATRE MASK» (партия 160 наборов).","Республика Корея, 10-171, 54, Gyeyangmunhwa-ro, Gyeyanggu, South Korea"
Материалы текстильные одежные:,"КИТАЙ, ROOM 42-44, AREA E, F.2, JINGHU TEXTILE MARKET, SHAOXING, ZHEJIANG, CHINA"
"Плоды цитрусовых культур свежие: Помело свежее, Грейпфруты свежие маркировка PINGHE GUOXI FRUIT AND VEGETABLE CO.,LTD","Китай, YUXIVILLAGE,XIAOXITOWN,PINGHE COUNTY,FUJIAN PROVINCE"
"Одежда верхняя швейная второго слоя женская из хлопчатобумажных, смешанных тканей, из тканей из синтетических нитей, в том числе с покрытием из полиуретана: пиджаки, жакеты, жилеты, брюки, шорты, комбинезоны, костюмы, в том числе спортивные, платья, сарафаны, блузки, рубашки, топы, юбки, юбки-брюки, юбки-шорты,","Турция, IOSB METAL İS SANAYİ SİTESİ 17.BLOK NO:7 BASAKSEHİR"
"Изделия трикотажные верхние мужские: сорочки верхние (рубашки, рубашки ""поло"") из пряжи из натуральных волокон растительного происхождения, в том числе в сочетании с натуральными волокнами животного происхождения,","Италия, Statale dei Giovi 251, 20823 Lentate sul Seveso (MB) Italy, 45.697817318153106, 9.101237772209414"
"Лифт грузопассажирский электрический, модель TKWJ, заводской номер D2022-1201, месяц и год выпуска Июнь 2023, грузоподъёмность: 1000 кг., остановок: 10, скорость: 1м/с, высота подъёма: 38,0 м., установленный по адресу: Приморский край, г.Владивосток, ул.Тигровая, д.7.","215233, КИТАЙ, Jiangsu Province, Zhenze Town, Suzhou City, Badu Industry Zone, Taihu Road"
"Продукция косметическая ухода за кожей, с товарным знаком «Ultra V», в том числе в наборах: антивозрастная гидрогелевая маска для лица с идебеноном и золотом «IDEBENONE EXO GOLD MASK».","Республика Корея, 10-171, 54, Gyeyangmunhwa-ro, Gyeyanggu, South Korea"
Ром невыдержанный,"ДОМИНИКАНСКАЯ РЕСПУБЛИКА, Autopista Duarte, Km 22, Zona Franca Industrial Hato Nuevo, naves 1,4 y 5, Santo Domingo Oeste"
"Одежда швейная верхняя пальтового ассортимента мужская и женская из тканей из синтетических нитей (волокон), в том числе ворсовых, в том числе дублированных или с покрытием из полимерных материалов: пальто, полупальто, плащи, пончо, накидки, куртки, ""ветровки"", жилеты, жакеты","Италия, Via dell' Agricoltura N.47/49, 41012 Carpi (MO), 44.783794°, 10.850923°"
"Устройство отображения информации небытового назначения на напряжение 24 вольта: Экран дисплея,","Китай, Building B1, Hangsheng Industrial Park, Fuyuan Road 1, Heping Village, Fuyong Town, Bao`an District, ShenZhen, 22.672762°, 113.418431°"
"Насос вакуумный одноступенчатый,","КИТАЙ, No.999 Chengbo Road, Xiangcheng District, Suzhou"
"Плиты теплозвукоизоляционные из минеральной ваты (утеплитель),","КИТАЙ, Xiangyang Xiangyang Industrial Park, Xiangyang Town, Xiangfang District, Harbin"
Виноград свежий,"Китай, ROOM N0.9,THE FIRST FLOOR OF THE APRTMENT A,KAIXUANCHENG FANERSAI GARDEN, THE NORTH DISTRICT, MANZHOULI CITY"
"Оборудование для переработки полимерных материалов: экструдер, гранулятор, установка грануляции на базе экструдеров каскадного типа, стренгорез, сквизер, дробилка, мельница, станок для резки (отрезное устройство), шредер, миксер, гильотина, маркировка ""SPK""","КИТАЙ, Daomai Liangzhong Chang 96, Leyu Town Zhangjiagang City, Jiangsu Province, координаты ГЛОНАСС: 31.869670, 120.541883"
"Одноканальное твердотельное реле, напряжение 250В,","КИТАЙ, Shayang Road, Shahe Town, Changping District, Beijing, P. R. China"
Водки и водки особые (объемная доля этилового спирта 40%):,"213633, БЕЛАРУСЬ, Могилевская обл., г. Климовичи, ул. Набережная, д.10"
"Изделия столовые кухонные стеклянные для взрослых: чайник заварочный, турка, торговая марка «NingBo PENZY».","КИТАЙ, Room 708, No.4 Building, xindian Road, Shuimaohuayuan, NingBo"
"Двухмерный беспроводной сканер штрих-кодов, с маркировкой: ИП Ревковская Анастасия Михайловна.","Китай, Shenzhen city, Longhua New Area, Dalang Street,Sanhe Hua Qiao New Village, Zone 2, 62 Building, 303 Room, координаты ГЛОНАСС: 22.656066, 114.014129"
"Изделия трикотажные верхние мужские: брюки, бриджи, шорты, костюмы, комбинезоны, полукомбинезоны, пиджаки, жилеты из пряжи из натуральных волокон животного происхождения, из натуральных волокон растительного происхождения, из синтетических волокон, в том числе из их сочетаний, в том числе в сочетании с эластомерной нитью,","Италия, Statale dei Giovi 251, 20823 Lentate sul Seveso (MB) Italy, 45.697817318153106, 9.101237772209414"
Мебель бытовая с металлическим каркасом:,"Китай, провинция Гуандун, Болоу, Юаньчжоу, Ляовей Синьвей"
Перец свежий,"Китай, ROOM N0.9,THE FIRST FLOOR OF THE APRTMENT A,KAIXUANCHENG FANERSAI GARDEN, THE NORTH DISTRICT, MANZHOULI CITY"
Перезаряжаемый литий-ионный аккумулятор.,"Китай, Workshop No.1, No.2, No.3 (first, fourth and fifth floors) and No.5, No.3 Qingwan three Road, Qingwan Industry Park, Sanzao Town, Jinwan District, Zhuhai City, Guangdong Province, P.R.China, координаты ГЛОНАСС: широта 22.080129 долгота 113.370673"
Продольно-резательная машина с рулонной подачей,"КИТАЙ, No.999 Chengbo Road, Xiangcheng District, Suzhou"
лифт,"ТУРЦИЯ, ANKARA, SINCAN, BASKENT OSB RECEP TAYYIP ERDOGAN BLY. NO 5"
"Инструменты ручные электрифицированные, в том числе аккумуляторные, в наборах и отдельными предметами: Миксер, вибратор, фен, заклёпочник, тепловой пистолет","Китай, No. 33, Xita 5rd Road, Jinhua, Zhejian"
"Кухонные изделия из коррозионностойкой стали для взрослых: чайник, таз, ведро с ручкой, бак, мантоварка, торговая марка «TOP SHINE».","КИТАЙ, 3F NO.113, Qiushi Road, BeiYuan, Yiwu, China, 3220000"
Кабачок свежий,"Китай, ROOM N0.9,THE FIRST FLOOR OF THE APRTMENT A,KAIXUANCHENG FANERSAI GARDEN, THE NORTH DISTRICT, MANZHOULI CITY"
"Лазерный станок для резки металла модели: XQL-3015F-RAYCUS, XQL-1325-180W with CCD, XQL-3015F, X3015PF, X4020AF, X6025HF, X3015GAE, XGF2, XGF5, XQL-JC3000, CO2, CNC.","Китай, No 12, First Floor, No.8, Xinbao Road, Gaoli Community High-Tech zone (Ronggui), Ronggui street, Shunde District, Foshan City, Guangdong province, China"
"Головные уборы швейные летние мужские и женские: кепи (кепки), бейсболки, панамы, шапки, шляпы, береты, козырки, балаклавы, повязки на голову из ткани из натуральных волокон растительного происхождения","Франция, 69 Rue de Monceau 75008, Paris"
Гранат свежий,"Китай, ROOM N0.9,THE FIRST FLOOR OF THE APRTMENT A,KAIXUANCHENG FANERSAI GARDEN, THE NORTH DISTRICT, MANZHOULI CITY"
"Плоды цитрусовых культур свежие: Помело свежее, Грейпфруты свежие маркировка FUJIAN PINGHE GUOXI FRUIT & VEGETABLES CO., LTD","Китай, Dongda Road 1-3#, Pinghe County, Fujian Zhangzhou"
"Овощные культуры свежие: салат Айсберг,","Иран, Исламская Республика, Tehran/shahriar, IRAN, 51.022759°, 35.670677°"
лифт,"ТУРЦИЯ, ANKARA, SINCAN, BASKENT OSB RECEP TAYYIP ERDOGAN BLY. NO 5"
"Инструменты ручные электрифицированные, в том числе аккумуляторные, в наборах и отдельными предметами: Миксер, вибратор, фен, заклёпочник, тепловой пистолет, с маркировкой ""Electric Libang Zhejiang Co., Ltd."", « Made in China»","Китай, No. 33, Xita 5rd Road, Jinhua, Zhejian"
"Переключатели,","Китай, Shanghai, Xuhui District, Caoxi Rd (N), 200030, 31.182042°, 121.431278°"
"Одежда верхняя мужская: брюки, бриджи, капри, шорты, пиджаки, жилеты, костюмы, комбинезоны, полукомбинезоны из ткани из натуральных волокон растительного происхождения, в том числе в сочетании с натуральными волокнами животного происхождения,","Швейцария, Feldstrasse 25, CH-4663 Aarburg, Switzerland"
"Лазерный сварочный станок модель XQL-H2000H-R-RAYCUS
XQL-H3000A, XQL-Q2000X, YAG, XQL-JH3000, XQL-CSHG500, XQL-H5-RAYCUS","Китай, No 12, First Floor, No.8, Xinbao Road, Gaoli Community High-Tech zone (Ronggui), Ronggui street, Shunde District, Foshan City, Guangdong province, China"
"Лифт пассажирский, модель 1 HAS, заводской номер KВ_348, месяц и год изготовления февраль 2023 г., назначенный срок службы 25 лет, номинальная грузоподъемность 450 кг., номинальная скорость движения кабины 1,6 м/с, число остановок 20, высота подъема 58200 мм, адрес установки лифта: Российская Федерация, Краснодарский край, г. Краснодар, ул. им. Мурата Ахеджака, 12, корпус 8","ТУРЦИЯ, KALE MAHALLESI, ANKARA CADDESI 13.KM NO: 77, 16450, KESTEL/BURSA"
Лифт,"212798, БЕЛАРУСЬ, Могилев, г. Могилев, проспект Мира, 42"
"Лифт пассажирский, модель 1 HAS заводской номер KВ_349, месяц и год изготовления февраль 2023 г., назначенный срок службы 25 лет, номинальная грузоподъемность 450 кг., номинальная скорость движения кабины 1,6 м/с, число остановок 20, высота подъема 58200 мм, адрес установки лифта: Российская Федерация, Краснодарский край, г. Краснодар, ул. им. Мурата Ахеджака, 12, корпус 8","ТУРЦИЯ, KALE MAHALLESI, ANKARA CADDESI 13.KM NO: 77, 16450, KESTEL/BURSA"
Изделия кондитерские сахаристые:,"Китай, ROOM 1403, 14 FLOOR, NANFANGDASHA BUILDING, NO. 69 TIANSHAN ROAD, SHANTOU, GUANGDONG, 23.391280, 116.715460"
"Готовые пищевые продукты из риса, полученные путем вздувания или обжаривания из муки и злаков, предварительно подвергнутые тепловой обработке, упакованные в пакеты полимерные, коробки картонные, мешки полимерные, банки полимерные, массой нетто от 20 грамм до 50 кг – палочки рисовые, рис воздушный, рис быстрого приготовления,","Китай, Dianchang Road, Tianjiaan District, Huainan City, Anhui Province, 32.662923°, 117.036624°"
Водки и водки особые (объемная доля этилового спирта 40%):,"213633, БЕЛАРУСЬ, Могилевская обл., г. Климовичи, ул. Набережная, д.10"
Аромат муската СТАР/ Muskat STAR (Смесь компонентов для колбасных и мясных изделий).,"Германия, Rienshof 2, D-49439 Steinfeld-Muhlen, Germany, GLN 4399902452151"
"Фрукты свежие: Ананасы
Упаковка: пластиковая, бумажная, полимерная, картонная, деревянная, комбинированная упаковка массой нетто от 0,050 килограмм до 50 килограмм","ПАНАМА, PANAMA TOCUMEN OFIDEPOSITOS BODEGA #3 PANAMA PANAMA"
Спиртной напиток (текила) (объемная доля этилового спирта 38%):,"МЕКСИКА, Jose Cuervo No. 73, Col. Centro, Tequila Jalisco, 46400, Mexico (Хосе Куэрво 73, Кол. Сентро, Текила Халиско, 46400)"
Замороженный продукт. Мучное кондитерское изделие порционное:,"ИТАЛИЯ, Via della Liberazione, 1-20098 S.Giuliano Milanese (MI), Italy"
Консервы фруктовые пастеризованные: половинки абрикосов в легком сиропе,"ГРЕЦИЯ, 12TH KM LARISSA-CHALKI, LARISSA, 41110, GREECE"
"Средства косметические для ухода за кожей: Гидролаты: Цветочная вода Роза, Цветочная вода Шалфей, Цветочная вода Фенхеля, Цветочная вода Розмарин, Цветочная вода Мята, Цветочная вода Лаванда, Цветочная вода Kewra, Цветочная вода Тимьян, Цветочная вода Орегано.","Пакистан, Plot No 11, Sector A-IV, K.E.P.Z. LANDCHI INDUSTRIAL AREA, EXTENSION MEHRAN HIGWAY, KARACHI, 75150, PAKISTAN, GLN 8960000000009"
Оборудование для промышленности строительных материалов:,"Китай, Liushagou Village, Shushan Street, Luozhuang District, Linyi City, Shandong Province, 34.991402°, 118.286721°"
Продукция косметическая для ухода за волосами,"ИТАЛИЯ, Piazza S. M. degli Angeli a Pizzofalcone, 1- 80132 Napoli (Na)"
"Упаковка стеклянная промышленно-бытового назначения: Стеклянный флакон для ароматизатора воздуха 0,2л, 0,25л, 0,3л, 0,5 л, 1 л, 1,2л, 2 л, 3 л, 5 л,","Испания, Poligono La Costerea Ctra de Palomar, 46869 Atzeneta d'Albaida - Valencia - España, 38.840473°, -0.519477°"
"Портативный светодиодный светильник,","Китай, No. 16, Yangfantian Village, Houzhai Street, Yiwu City, Jinhua City, Zhejiang, China"
"Перeц стручковый сладкий свежий, урожай 2023г","ИРАН, ИСЛАМСКАЯ РЕСПУБЛИКА, No:210, SANAT ST-KANROUD,-ASTARA,IRAN"
"Линия для производства металлических профилей, модели CD 60x27, UD 28x27, UD 300, UD 50/40, CW 50/40-100/50","Китай, 202, Building 7, Phase 2, University Service A rea, Rongjiang New District, Ganzhou, Jiangxi"
"Арматура промышленная трубопроводная, работающая под давлением, 1 и 2 категории","Польша, Kościelna 2, 86-005 Ciele"
"Серводвигатель серии AKM, AKMH, DBL, DBK, Bautz","Соединенные Штаты, Kollmorgen Corporation 203A West Rock Road Radford, VA 24141United States"
"Патронные предохранители, серия SAK, торговой марки Weidmuller","Германия, Klingenbergstrasse 26, 32758 Detmold"
Кокосовая стружка,"ВЬЕТНАМ, Hoa Thanh Hamlet, Binh Ninh Сommune, Cho Gao District, Tien Giang Province"
"Модуль релейного выхода, модель D5096S, торговой марки GMI","Италия, Via G. Mameli, 53-55, I-20852 Villasanta (MB), 45.604786, 9.318855"
"Орехи фисташковые сырые в скорлупе, в том числе с маркировкой «KIAN TEJARAT FAJR NAVID», упакованные в мешки из полимерных материалов, массой нетто 50,0 килограмм.","ИРАН, ИСЛАМСКАЯ РЕСПУБЛИКА, MOHARRAM NEJAD STREET - FIFTH ALLEY, NO. 13, SOHRAB NEJAD PASSAGE, 3RD FLOOR, IRAN_ ASTARA"
"Пылесосы моделей: AdvancedVac 20, GAS 12-25 PL, GAS 15 PS.","Германия, 70538 Stuttgart, GLN 4000001000005"
"Обувь повседневная для взрослых, с верхом из кожи, в том числе с элементами из полимерных материалов:","Германия, Fruhlingstrasse 17, D-63897 Miltenberg, -49.705888, 9.270395"
"Фрукты свежие: авокадо, урожай 2023 года","Турция, Yenigun mah. Mevlana Cad. B Blok No:54/В/203 Muratpasa/ Antalya/ Turkey, 36.898711, 30.717685"
"Обувь повседневная для взрослых с верхом из полимерных материалов, в том числе с элементами из текстильных материалов и кожи:","Германия, Fruhlingstrasse 17, D-63897 Miltenberg, -49.705888, 9.270395"
"Крепленые вина марочные крепкие красные, регион Дору, категория DO:
«МАЙНАРДС ФАЙН РУБИ ПОРТО»,
«МАЙНАРДС ФАЙН ТОНИ ПОРТО». Объемная доля этилового спирта 15% до 22%, массовая концентрация сахаров 85-115 г/дм³.","ПОРТУГАЛИЯ, Rua Candido dos Reis N 575, 4400-075 Vila Nova de Gaia, Porto, Portugal / Руа Кандидо дос Реис N 575, 4400-075 Вила Нова де Гайа, Порту, Португалия"
"Продукция косметическая для макияжа глаз, в то числе и в наборах, с маркировкой ""LABORATOIRE BIOSTHETIQUE"":","ГЕРМАНИЯ, Gulichstrasse 1-5, D-75179 Pforzheim, Germany"
Виски шотландский купажированный,"СОЕДИНЕННОЕ КОРОЛЕВСТВО, Kilmalid, Stirling Road, Dumbarton, G82 2SS, Scotland, UK / Килмалид, Стирлинг Роуд, Думбартон, Джи82 2СС, Шотландия"
Одежда верхняя швейная третьего слоя мужская:,"Нидерланды, Sloterweg 303H, 1171 VC Badhoevedorp"
"Одежда швейная второго слоя для взрослых, в том числе спортивного назначения (не
предназначенная для экипировки спортивных команд), из хлопчатобумажных тканей, в том числе с добавлением эластомерных нитей, в том числе с добавлением синтетических нитей, из хлопчатобумажных тканей с добавлением льняных и синтетических нитей, из смешанных тканей, из чистошерстяных тканей, из шерстяных тканей, из полушерстяных тканей, из смеси искусственных и синтетических нитей с вложение шерстяного и шелкового волокна, из чистольняных тканей, из
льняных тканей, из полульняных тканей,в том числе из смеси искусственных тканей с вложением льняного волокна, из льняных тканей в сочетании с шелковыми волокнами, из тканей из нитей натурального шелка, из шелковых тканей, из полушелковых тканей, из тканей из синтетических нитей, в том числе с вложением металлизированных нитей, из тканей из искусственных нитей, из тканей из
искусственных нитей с добавлением нитей натурального шелка, из тканей из сочетания искусственных и синтетических нитей, из тканей из сочетания синтетических и искусственных нитей, в том числе сочетания синтетических и искусственных нитей, с добавлением шерстяных нитей и вложением
эластомерных нитей, из тканей из сочетания искусственных и хлопчатобумажных нитей, в том числе с вложением эластомерных нитей, из тканей из сочетания синтетических и хлопчатобумажных нитей, из тканей из лубяных волокон (рами), из тканей из лубяных волокон в сочетании с шелковыми нитями, из тканей из лубяных волокон в сочетании с синтетическими нитями, из тканей из сочетания синтетических и хлопчатобумажных нитей, в том числе с вложением шерстяных нитей, из тканей из
искусственных нитей в смеси с льняными нитями, из тканей из искусственных нитей в смеси с синтетическими, шерстяными и шелковыми нитями, из хлопчатобумажных тканей в смеси с синтетическими нитями, из искусственных нитей с вложением полиуретановые нити(синтетика), из синтетических нитей в смеси с искусственными и шерстяными нитями, из сочетания искусственных нитей хлопчатобумажных нитей и синтетических нитей, из тканей из сочетания синтетических, хлопчатобумажных, шерстяных и искусственных нитей, в том числе из тканей типа ""деним"", в том
числе на подкладке из тканей из искусственных нитей, из искусственных нитей с вложением эластомерных нитей, из хлопчатобумажных тканей, из хлопчатобумажных тканей в сочетании с льняными и искусственными нитями, из синтетических тканей, из тканей из сочетания синтетических и искусственных нитей, в том числе с отделкой из меха, искусственного меха, кожи, , в том числе с полиуретановым покрытием, в том числе с элементами из трикотажных полотен, в том числе в комплектах и отдельными предметами: костюмы, комплекты, пиджаки, жакеты, в том числе типа ""блейзеры"", жилеты, брюки, в том числе облегающего типа ""лосины"", брюки в том числе типа ""джинсы"", в том числе укороченные модели ""бриджи"", ""капри"", юбки, шорты, в том числе модель ""бермуды"", комбинезоны, полукомбинезоны, жилеты, блузки, в том числе модели ""поло"", ""топ"", ""туника"", платья, в том числе модель, ""сарафан"", сорочки верхние, рубашки,","Испания, Daniel Del Olmo, Valladolid, 47008, 41.628365, -4.734921"
"Готовые штучные текстильные изделия для детей всех возрастных групп, включая детей до 1 года, из хлопчатобумажных махровых тканей, с товарными знаками «Babyton», «BabyGo», «Futurino», «Jomoto», «Jook», «Orsolini», «Chessford», «Futurino Cool», «COOL FUTURINO», «Перо Сойки», ««е» с тремя точками сверху», ""Futurino Home"", ""Grimmo"", и/или с маркировками ""Fashion"", «Trend», «Day&Night», «Cool», «School», «Day and Night», «D&N», ""Sport"", ""Home"": полотенца, полотенца ""с уголком"", полотенца ""с капюшоном"", в комплектах, наборах и отдельными предметами","Китай, C&D International building 16/F, No.1699, East Huandao Road, Siming District, Xiamen, 361008, P.R.China"
Изделия кожгалантерейные:,"Китай, Room19-11, Park Management Service Center Building,Anchang Town Economic Development Zone,Zheng'an County,Zunyi City,Guizhou Province, China"
"Оборудование металлообрабатывающие: Гидравлические ножницы, подборщик","Китай, ROOM 401, BUILDING37-8 SOUTH TUANJIE ROAD,XI'AN SHAANXI"
"Посуда, изделия для сервировки стола и кухонные принадлежности из пластмасс","КИТАЙ, Ganghu Fvenue, Chihu Industrial Park, Chaisang District, Jiuijiang Citi, Jiangxi Province"
Изделия электроустановочные:,"Китай, No.3 Kaiyuan Road,Third-phase Industrial Zone, Zhuangyuan Longwan District, Wenzhou, Zhejiang, 27.962020°, 120.756185°"
фрукты свежие,"ТУРЦИЯ, ICERENKOY MAH.CAYIR CAD. NO:35 N D:9 ATASEHIR/ ISTANBUL"
"Мебель бытовая для сидения и лежания, обитая и жесткая, из древесных материалов, из металла, из бамбука, из ротанга, из тростника, из пластмассы, с элементами отделки из текстильных материалов, натуральной кожи, искусственной кожи, полимерных материалов, дерева,в том числе вращающиеся, с приспособлением, регулирующим высоту, в наборах и отдельными предметами для взрослых: диваны, диван-кровати, кушетки, кресла, кресла-кровати, кресла-качалки, пуфы, стулья, в том числе с подлокотниками, табуреты, банкетки, скамьи, шезлонги, оттоманки.","Италия, 31028 ITALY, TEZZE DI PIAVE (TV), VIA PIAVE, 25, 45°48'42.9""N , 12°20'57.9""E"
"Компоненты транспортных средств:
Регулятор давления, артикулы: DCRS300260.
Датчик кондиционера, артикулы: DPS32002.","ЯПОНИЯ, 1-1, Showa-cho, Kariya-city, Aichi 448-8661"
Электрические приборы бытового назначения для поддержания и регулировки микроклимата в помещениях: Увлажнитель воздуха.,"Китай, #52, WESTERN PORT ROAD, SHUNDE LELIU, FOSHAN CITY, GUANGDONG, CHINA, 22.861813°, 113.121738°"
Кормовая добавка,"БЕЛЬГИЯ, 9000, Gent, Langerbruggekaai, 1"
"Посуда керамическая для взрослых: Сервиз столовый из керамики состоит из кружек, обеденных тарелок, мисок и десертных тарелок: Форма для запекания","Китай, Room 401, Union Group Building, 529# North Zongze Road, Yiwu, China 322000"
"Прибор электронагревательный бытового назначения: Сушилка для обуви электрическая, предназначена для внутренней просушки обуви, напряжение 220 В, мощность 14 ВТ.","Китай, Workshop 1, Zone B, No. 2, 2nd Lane, Duobao Road, Duobao Community Neighborhood Committee, Minzhong Town, Zhongshan, Guangdong, China, 22.604918°, 113.471822°"
"Силовые модули питания для промышленных источников бесперебойного питания
серий Excelente VL/VM/VS","Китай, этаж 2, корпус 1, долина ЭВОК, 11, проспект Гаосинь, район Гуанмин, Шэньчжэнь"
Упаковка для парфюмерно-косметической продукции,"КИТАЙ, Room 406, Building 1, Hezheng Street, Huangshi Street, Guangzhou, Guangdong, China"
"Материалы текстильные нетканные, на бытовые цели (для уборки и чистки помещений) : из целлюлозных нитей в смеси с синтетическими, из синтетических тканей.","Китай, Rm.31006, Tower C, Galaxy Soho Beijing, CN, 100010"
"Оборудование газоочистительное и пылеулавливающее: фильтры воздушные, масляные, гидравлические,","Финляндия, Ahmolantie 6, 74510 Iisalmi, 63.928924°, 27.424620°"
"Камера для рыбалки подводная зимняя/летняя водонепроницаемая, торговой марки «Fishing Hero»","КИТАЙ, Shen'chzhen' Guandun"
фрукты свежие,"ТУРЦИЯ, ICERENKOY MAH.CAYIR CAD. NO:35 N D:9 ATASEHIR/ ISTANBUL"
Пищевые добавки:,"КИТАЙ, 2299 Xinggong Road, Economic Development Zone, Pinghu 314200, Zhejiang Province, P.R. China /, 2299, Сингун Роад, Экономическая зона развития, Пинху 314200, Провинция Чжецзян"
"Компоненты, поставляемые в качестве сменных (запасных) частей для послепродажного технического обслуживания и ремонта автотранспортных средств:","Китай, NO.199 Luotang West Road, Jiangyan, Taizhou City, Jiangsu Province, China, координаты ?, 40.128429°, 116.169106°"
"Светильники общего назначения, переносные (настольные напольные), предназначенные для использования с лампами накаливания,","Италия, Via Rambolina, 29 36061 Bassano del Grappa Vicenza, 45.741994°, 11.724173°"
"Компоненты, поставляемые в качестве сменных (запасных) частей для транспортных средств:","Китай, No. 006, Area 11, Wanxing Hardware City, Tongji New District, Jimo District, Qingdao City, Shandong Province, China, 36.388450, 120.445270"
Оборудование технологическое для пищевой промышленности:,"Турция, Akcaburgaz Mah. 3028 Sokak. No:1/9. Esenyurt / ISTANBUL - TURKEY, 41.007498, 29.094889"
Средства косметические для ухода за волосами:,"КИТАЙ, Guangdong Province, Dongguan City, Rongxing Street, 26"
Электрические приборы бытового назначения для ухода за волосами,"Соединенные Штаты, 89 A Street, Suite 100 Needham, MA 02494"
"Томатная паста консервированная, торговой марки ""1&1""","ИРАН, ИСЛАМСКАЯ РЕСПУБЛИКА, 145 th km of shiraz - esfahan road, shiraz, iran"
"Удлинители электрические бытовые,","Китай, 3 FLOOR, LI JING GE 3, NO.6012 SHEN NAN ROAD, SHENZHEN, 518034, CHINA, 22°32' 33.90""N, 114°2'17.55""E"
"Оборудование для сварки: сварочные аппараты, типы MIG, TIG, CUT, торговая марка «WIEDEKRAFT»","Китай, 1902 Wanli Bidg, 398 South Jianghong Road, Hangzhou, 310052, China, 30.191920°, 120.202720°"
"Мебель для спальни, обеденной зоны, кухни, гостиной, наборы и отдельные предметы бытовой мебели для взрослых из деревянного, металлического, пластмассового каркасе в том числе из бамбука, ротанга, с обивкой из текстильных материалов, искусственной кожи, натуральной кожи, элементами из пластика, керамики, стекла, камня:","Турция, K.S.S. Agas Isleri Bolumu 17.Sk. No. 01/C No.9, 16400 Inegol/Bursa"
